{"stats":{"minecraft:crafted":{"minecraft:oak_planks":16,"minecraft:crafting_table":1,"minecraft:stick":16,"minecraft:iron_helmet":1,"minecraft:wooden_pickaxe":1,"minecraft:iron_ingot":17,"minecraft:iron_pickaxe":1,"minecraft:stone_pickaxe":1,"minecraft:iron_sword":1,"minecraft:iron_leggings":1,"minecraft:furnace":1,"minecraft:stone_hoe":1,"minecraft:stone_axe":1,"minecraft:air":0},"minecraft:picked_up":{"minecraft:crafting_table":3,"minecraft:raw_iron":17,"minecraft:salmon":1,"minecraft:brown_terracotta":2,"minecraft:porkchop":5,"minecraft:oak_log":4,"minecraft:carrot":1,"minecraft:orange_bed":2,"minecraft:rotten_flesh":4,"minecraft:wheat_seeds":1,"minecraft:raw_gold":5,"minecraft:terracotta":11,"minecraft:oak_sapling":2,"minecraft:sugar_cane":6,"minecraft:mutton":6,"minecraft:coal":11,"minecraft:white_wool":4,"minecraft:cobblestone":49,"minecraft:furnace":1},"minecraft:dropped":{"minecraft:brown_terracotta":2},"minecraft:killed_by":{"minecraft:zombie":1},"minecraft:used":{"minecraft:stone_pickaxe":41,"minecraft:iron_pickaxe":32,"minecraft:iron_helmet":1,"minecraft:wooden_pickaxe":19,"minecraft:rotten_flesh":4,"minecraft:stone_axe":31,"minecraft:mutton":6,"minecraft:crafting_table":3,"minecraft:furnace":1,"minecraft:porkchop":1,"minecraft:iron_leggings":2},"minecraft:custom":{"minecraft:time_since_rest":4631,"minecraft:interact_with_furnace":8,"minecraft:sprint_one_cm":82845,"minecraft:damage_taken":308,"minecraft:walk_one_cm":38592,"minecraft:mob_kills":15,"minecraft:drop":1,"minecraft:damage_dealt":1816,"minecraft:swim_one_cm":4153,"minecraft:interact_with_crafting_table":7,"minecraft:fly_one_cm":218263,"minecraft:open_chest":7,"minecraft:crouch_one_cm":3874,"minecraft:play_time":26275,"minecraft:deaths":1,"minecraft:sneak_time":1512,"minecraft:walk_under_water_one_cm":944,"minecraft:jump":846,"minecraft:leave_game":2,"minecraft:walk_on_water_one_cm":4873,"minecraft:time_since_death":5931,"minecraft:sleep_in_bed":1,"minecraft:total_world_time":26275,"minecraft:fall_one_cm":27219},"minecraft:mined":{"minecraft:furnace":1,"minecraft:iron_ore":17,"minecraft:crafting_table":3,"minecraft:short_grass":11,"minecraft:oak_log":4,"minecraft:coal_ore":7,"minecraft:dead_bush":1,"minecraft:brown_terracotta":2,"minecraft:tall_grass":6,"minecraft:terracotta":11,"minecraft:stone":49,"minecraft:sugar_cane":3,"minecraft:gold_ore":5,"minecraft:orange_bed":2,"minecraft:oak_leaves":1},"minecraft:killed":{"minecraft:sheep":5,"minecraft:zombie":6,"minecraft:pig":3,"minecraft:salmon":1}},"DataVersion":3955}