{"stats":{"minecraft:crafted":{"minecraft:oak_planks":60,"minecraft:crafting_table":1,"minecraft:wooden_pickaxe":1,"minecraft:iron_helmet":1,"minecraft:iron_sword":1,"minecraft:furnace":1,"minecraft:stone_axe":1,"minecraft:bread":33,"minecraft:air":0,"minecraft:stick":16,"minecraft:iron_ingot":17,"minecraft:iron_pickaxe":1,"minecraft:stone_pickaxe":1,"minecraft:gold_ingot":2,"minecraft:iron_leggings":1,"minecraft:stone_hoe":1,"minecraft:wheat":99},"minecraft:picked_up":{"minecraft:crafting_table":6,"minecraft:salmon":1,"minecraft:smithing_table":1,"minecraft:oak_log":15,"minecraft:brewing_stand":1,"minecraft:wheat_seeds":7,"minecraft:raw_gold":5,"minecraft:melon_slice":21,"minecraft:sugar_cane":10,"minecraft:furnace":1,"minecraft:raw_iron":17,"minecraft:brown_terracotta":2,"minecraft:porkchop":21,"minecraft:carrot":1,"minecraft:orange_bed":2,"minecraft:rotten_flesh":4,"minecraft:hay_block":11,"minecraft:terracotta":11,"minecraft:oak_sapling":2,"minecraft:cobblestone":49,"minecraft:mutton":12,"minecraft:white_wool":7,"minecraft:coal":11},"minecraft:dropped":{"minecraft:wheat_seeds":5,"minecraft:gold_nugget":2,"minecraft:brown_terracotta":2},"minecraft:killed_by":{"minecraft:zombie":1},"minecraft:used":{"minecraft:stone_pickaxe":41,"minecraft:wooden_pickaxe":21,"minecraft:iron_sword":14,"minecraft:stone_hoe":11,"minecraft:rotten_flesh":4,"minecraft:mutton":6,"minecraft:crafting_table":6,"minecraft:bread":3,"minecraft:iron_pickaxe":33,"minecraft:iron_helmet":1,"minecraft:stone_axe":68,"minecraft:furnace":1,"minecraft:porkchop":1,"minecraft:iron_leggings":2},"minecraft:custom":{"minecraft:interact_with_furnace":8,"minecraft:mob_kills":30,"minecraft:interact_with_crafting_table":10,"minecraft:open_barrel":2,"minecraft:leave_game":3,"minecraft:time_since_death":12317,"minecraft:sleep_in_bed":1,"minecraft:time_since_rest":11017,"minecraft:sprint_one_cm":114104,"minecraft:damage_taken":308,"minecraft:walk_one_cm":47068,"minecraft:drop":4,"minecraft:damage_dealt":3276,"minecraft:swim_one_cm":10579,"minecraft:fly_one_cm":271600,"minecraft:open_chest":8,"minecraft:crouch_one_cm":4746,"minecraft:play_time":32661,"minecraft:deaths":1,"minecraft:sneak_time":1743,"minecraft:walk_under_water_one_cm":1229,"minecraft:jump":1080,"minecraft:walk_on_water_one_cm":6912,"minecraft:total_world_time":32661,"minecraft:fall_one_cm":32564},"minecraft:killed":{"minecraft:armadillo":1,"minecraft:pig":14,"minecraft:salmon":1,"minecraft:sheep":8,"minecraft:zombie":6},"minecraft:mined":{"minecraft:smithing_table":1,"minecraft:brewing_stand":1,"minecraft:crafting_table":6,"minecraft:short_grass":18,"minecraft:melon":4,"minecraft:dead_bush":1,"minecraft:tall_grass":6,"minecraft:sugar_cane":5,"minecraft:hay_block":11,"minecraft:furnace":1,"minecraft:iron_ore":17,"minecraft:coal_ore":7,"minecraft:oak_log":15,"minecraft:brown_terracotta":2,"minecraft:terracotta":11,"minecraft:stone":49,"minecraft:gold_ore":5,"minecraft:oak_leaves":1,"minecraft:orange_bed":2}},"DataVersion":3955}