{"stats":{"minecraft:killed":{"minecraft:sheep":5,"minecraft:zombie":6},"minecraft:picked_up":{"minecraft:raw_iron":17,"minecraft:crafting_table":2,"minecraft:brown_terracotta":2,"minecraft:oak_log":4,"minecraft:carrot":1,"minecraft:rotten_flesh":4,"minecraft:raw_gold":5,"minecraft:terracotta":11,"minecraft:oak_sapling":2,"minecraft:mutton":6,"minecraft:coal":11,"minecraft:white_wool":4,"minecraft:cobblestone":49,"minecraft:furnace":1},"minecraft:used":{"minecraft:stone_pickaxe":41,"minecraft:iron_pickaxe":32,"minecraft:wooden_pickaxe":19,"minecraft:rotten_flesh":4,"minecraft:stone_axe":21,"minecraft:mutton":6,"minecraft:crafting_table":2,"minecraft:furnace":1,"minecraft:iron_leggings":1},"minecraft:crafted":{"minecraft:oak_planks":16,"minecraft:crafting_table":1,"minecraft:stick":8,"minecraft:iron_ingot":17,"minecraft:wooden_pickaxe":1,"minecraft:iron_pickaxe":1,"minecraft:stone_pickaxe":1,"minecraft:iron_leggings":1,"minecraft:furnace":1,"minecraft:stone_axe":1,"minecraft:air":0},"minecraft:custom":{"minecraft:time_since_rest":18618,"minecraft:interact_with_furnace":8,"minecraft:sprint_one_cm":48472,"minecraft:damage_taken":116,"minecraft:walk_one_cm":32355,"minecraft:mob_kills":11,"minecraft:damage_dealt":1486,"minecraft:interact_with_crafting_table":5,"minecraft:fly_one_cm":163517,"minecraft:crouch_one_cm":3874,"minecraft:play_time":18618,"minecraft:sneak_time":1512,"minecraft:jump":667,"minecraft:leave_game":1,"minecraft:time_since_death":18618,"minecraft:walk_on_water_one_cm":1565,"minecraft:total_world_time":18618,"minecraft:fall_one_cm":19794},"minecraft:mined":{"minecraft:furnace":1,"minecraft:iron_ore":17,"minecraft:crafting_table":2,"minecraft:short_grass":9,"minecraft:oak_log":4,"minecraft:coal_ore":7,"minecraft:dead_bush":1,"minecraft:brown_terracotta":2,"minecraft:tall_grass":6,"minecraft:terracotta":11,"minecraft:stone":49,"minecraft:gold_ore":5,"minecraft:oak_leaves":1}},"DataVersion":3955}