{"stats":{"minecraft:picked_up":{"minecraft:crafting_table":10,"minecraft:leather":14,"minecraft:gold_block":2,"minecraft:flint":1,"minecraft:acacia_boat":4,"minecraft:dirt":18,"minecraft:leather_boots":1,"minecraft:bone":4,"minecraft:acacia_planks":5,"minecraft:bow":1,"minecraft:wheat_seeds":2,"minecraft:beef":23,"minecraft:iron_ingot":10,"minecraft:poppy":3,"minecraft:melon_slice":110,"minecraft:sugar_cane":8,"minecraft:furnace":2,"minecraft:raw_iron":4,"minecraft:acacia_log":10,"minecraft:dripstone_block":13,"minecraft:gravel":7,"minecraft:porkchop":6,"minecraft:pointed_dripstone":8,"minecraft:white_bed":6,"minecraft:arrow":1,"minecraft:rotten_flesh":7,"minecraft:hay_block":117,"minecraft:mutton":4,"minecraft:coal":24,"minecraft:cobblestone":72,"minecraft:white_wool":3},"minecraft:crafted":{"minecraft:cooked_beef":5,"minecraft:crafting_table":1,"minecraft:wooden_pickaxe":1,"minecraft:furnace":1,"minecraft:bucket":1,"minecraft:stone_axe":2,"minecraft:acacia_boat":1,"minecraft:bread":48,"minecraft:air":0,"minecraft:shield":1,"minecraft:stick":12,"minecraft:iron_ingot":1,"minecraft:iron_pickaxe":1,"minecraft:stone_pickaxe":1,"minecraft:white_bed":1,"minecraft:acacia_planks":40,"minecraft:stone_hoe":1,"minecraft:wheat":144},"minecraft:broken":{"minecraft:stone_axe":1},"minecraft:dropped":{"minecraft:gravel":7,"minecraft:wheat_seeds":2,"minecraft:dripstone_block":4,"minecraft:pointed_dripstone":8,"minecraft:rotten_flesh":5,"minecraft:poppy":3,"minecraft:dirt":7,"minecraft:leather_boots":1},"minecraft:killed_by":{"minecraft:skeleton":1},"minecraft:used":{"minecraft:acacia_boat":4,"minecraft:water_bucket":29,"minecraft:stone_pickaxe":48,"minecraft:shield":13,"minecraft:wooden_pickaxe":20,"minecraft:stone_hoe":135,"minecraft:dirt":11,"minecraft:crafting_table":10,"minecraft:white_bed":6,"minecraft:dripstone_block":9,"minecraft:lava_bucket":11,"minecraft:bread":5,"minecraft:iron_pickaxe":36,"minecraft:stone_axe":128,"minecraft:fire_charge":1,"minecraft:cobblestone":31,"minecraft:furnace":2,"minecraft:bucket":41,"minecraft:cooked_beef":5,"minecraft:acacia_planks":7},"minecraft:custom":{"minecraft:interact_with_furnace":5,"minecraft:mob_kills":38,"minecraft:interact_with_crafting_table":11,"minecraft:leave_game":2,"minecraft:time_since_death":48845,"minecraft:sleep_in_bed":2,"minecraft:climb_one_cm":1179,"minecraft:time_since_rest":13802,"minecraft:sprint_one_cm":136671,"minecraft:damage_taken":761,"minecraft:walk_one_cm":121661,"minecraft:damage_blocked_by_shield":416,"minecraft:drop":20,"minecraft:damage_dealt":6981,"minecraft:swim_one_cm":1188,"minecraft:fly_one_cm":274921,"minecraft:open_chest":8,"minecraft:crouch_one_cm":11817,"minecraft:play_time":62205,"minecraft:deaths":1,"minecraft:sneak_time":3918,"minecraft:walk_under_water_one_cm":2111,"minecraft:boat_one_cm":141696,"minecraft:jump":1432,"minecraft:walk_on_water_one_cm":7570,"minecraft:total_world_time":62205,"minecraft:fall_one_cm":41112},"minecraft:killed":{"minecraft:pig":4,"minecraft:zombie_villager":1,"minecraft:iron_golem":2,"minecraft:creeper":1,"minecraft:skeleton":5,"minecraft:sheep":3,"minecraft:zombie":7,"minecraft:cow":14},"minecraft:mined":{"minecraft:acacia_leaves":1,"minecraft:white_bed":6,"minecraft:crafting_table":10,"minecraft:short_grass":23,"minecraft:acacia_log":10,"minecraft:grass_block":5,"minecraft:melon":22,"minecraft:tall_grass":2,"minecraft:cobblestone":25,"minecraft:sugar_cane":3,"minecraft:seagrass":1,"minecraft:hay_block":118,"minecraft:furnace":2,"minecraft:iron_ore":4,"minecraft:fire":5,"minecraft:gold_block":2,"minecraft:coal_ore":24,"minecraft:dirt":14,"minecraft:dripstone_block":4,"minecraft:acacia_planks":5,"minecraft:stone":42,"minecraft:oak_leaves":2}},"DataVersion":3955}