{"stats":{"minecraft:picked_up":{"minecraft:crafting_table":10,"minecraft:leather":14,"minecraft:gold_block":2,"minecraft:flint":1,"minecraft:acacia_boat":2,"minecraft:dirt":18,"minecraft:leather_boots":1,"minecraft:bone":4,"minecraft:acacia_planks":5,"minecraft:bow":1,"minecraft:wheat_seeds":2,"minecraft:beef":23,"minecraft:iron_ingot":10,"minecraft:poppy":3,"minecraft:melon_slice":110,"minecraft:sugar_cane":8,"minecraft:furnace":2,"minecraft:raw_iron":3,"minecraft:acacia_log":10,"minecraft:dripstone_block":13,"minecraft:gravel":7,"minecraft:porkchop":6,"minecraft:pointed_dripstone":8,"minecraft:white_bed":3,"minecraft:arrow":1,"minecraft:rotten_flesh":5,"minecraft:hay_block":117,"minecraft:mutton":4,"minecraft:coal":24,"minecraft:cobblestone":71,"minecraft:white_wool":3},"minecraft:crafted":{"minecraft:cooked_beef":5,"minecraft:crafting_table":1,"minecraft:wooden_pickaxe":1,"minecraft:furnace":1,"minecraft:bucket":1,"minecraft:stone_axe":2,"minecraft:acacia_boat":1,"minecraft:bread":48,"minecraft:air":0,"minecraft:shield":1,"minecraft:stick":12,"minecraft:iron_ingot":1,"minecraft:iron_pickaxe":1,"minecraft:stone_pickaxe":1,"minecraft:white_bed":1,"minecraft:acacia_planks":40,"minecraft:stone_hoe":1,"minecraft:wheat":144},"minecraft:broken":{"minecraft:stone_axe":1},"minecraft:dropped":{"minecraft:gravel":7,"minecraft:wheat_seeds":2,"minecraft:dripstone_block":4,"minecraft:pointed_dripstone":8,"minecraft:rotten_flesh":5,"minecraft:poppy":3,"minecraft:dirt":7,"minecraft:leather_boots":1},"minecraft:killed_by":{"minecraft:skeleton":1},"minecraft:used":{"minecraft:acacia_boat":2,"minecraft:water_bucket":24,"minecraft:stone_pickaxe":48,"minecraft:shield":9,"minecraft:wooden_pickaxe":20,"minecraft:stone_hoe":133,"minecraft:dirt":11,"minecraft:crafting_table":10,"minecraft:white_bed":3,"minecraft:dripstone_block":9,"minecraft:lava_bucket":11,"minecraft:bread":5,"minecraft:iron_pickaxe":34,"minecraft:stone_axe":122,"minecraft:fire_charge":1,"minecraft:cobblestone":31,"minecraft:furnace":2,"minecraft:bucket":36,"minecraft:cooked_beef":2,"minecraft:acacia_planks":7},"minecraft:custom":{"minecraft:interact_with_furnace":5,"minecraft:mob_kills":36,"minecraft:interact_with_crafting_table":11,"minecraft:leave_game":1,"minecraft:time_since_death":39344,"minecraft:sleep_in_bed":2,"minecraft:time_since_rest":4301,"minecraft:sprint_one_cm":93955,"minecraft:damage_taken":566,"minecraft:walk_one_cm":102104,"minecraft:damage_blocked_by_shield":311,"minecraft:drop":20,"minecraft:damage_dealt":6654,"minecraft:swim_one_cm":804,"minecraft:fly_one_cm":199273,"minecraft:open_chest":8,"minecraft:crouch_one_cm":11714,"minecraft:play_time":52704,"minecraft:deaths":1,"minecraft:sneak_time":3868,"minecraft:walk_under_water_one_cm":1803,"minecraft:boat_one_cm":114677,"minecraft:jump":1057,"minecraft:walk_on_water_one_cm":6926,"minecraft:total_world_time":52704,"minecraft:fall_one_cm":27547},"minecraft:killed":{"minecraft:pig":4,"minecraft:zombie_villager":1,"minecraft:iron_golem":2,"minecraft:creeper":1,"minecraft:skeleton":4,"minecraft:sheep":3,"minecraft:zombie":6,"minecraft:cow":14},"minecraft:mined":{"minecraft:acacia_leaves":1,"minecraft:white_bed":3,"minecraft:crafting_table":10,"minecraft:short_grass":23,"minecraft:acacia_log":10,"minecraft:grass_block":5,"minecraft:melon":22,"minecraft:tall_grass":2,"minecraft:cobblestone":25,"minecraft:sugar_cane":3,"minecraft:seagrass":1,"minecraft:hay_block":118,"minecraft:furnace":2,"minecraft:iron_ore":3,"minecraft:fire":5,"minecraft:gold_block":2,"minecraft:coal_ore":24,"minecraft:dirt":14,"minecraft:dripstone_block":4,"minecraft:acacia_planks":5,"minecraft:stone":41}},"DataVersion":3955}