{"stats":{"minecraft:picked_up":{"minecraft:crafting_table":9,"minecraft:leather":11,"minecraft:gold_block":2,"minecraft:flint":1,"minecraft:acacia_boat":2,"minecraft:dirt":18,"minecraft:leather_boots":1,"minecraft:bone":4,"minecraft:acacia_planks":5,"minecraft:bow":1,"minecraft:wheat_seeds":2,"minecraft:beef":21,"minecraft:iron_ingot":10,"minecraft:poppy":3,"minecraft:melon_slice":110,"minecraft:sugar_cane":8,"minecraft:furnace":2,"minecraft:raw_iron":2,"minecraft:acacia_log":10,"minecraft:dripstone_block":11,"minecraft:gravel":7,"minecraft:porkchop":3,"minecraft:pointed_dripstone":8,"minecraft:white_bed":2,"minecraft:arrow":1,"minecraft:rotten_flesh":5,"minecraft:hay_block":117,"minecraft:mutton":4,"minecraft:coal":24,"minecraft:cobblestone":54,"minecraft:white_wool":3},"minecraft:crafted":{"minecraft:cooked_beef":5,"minecraft:crafting_table":1,"minecraft:wooden_pickaxe":1,"minecraft:furnace":1,"minecraft:stone_axe":2,"minecraft:acacia_boat":1,"minecraft:bread":48,"minecraft:air":0,"minecraft:shield":1,"minecraft:stick":12,"minecraft:iron_ingot":1,"minecraft:iron_pickaxe":1,"minecraft:stone_pickaxe":1,"minecraft:white_bed":1,"minecraft:acacia_planks":40,"minecraft:stone_hoe":1,"minecraft:wheat":144},"minecraft:broken":{"minecraft:stone_axe":1},"minecraft:dropped":{"minecraft:gravel":7,"minecraft:wheat_seeds":2,"minecraft:pointed_dripstone":8,"minecraft:rotten_flesh":5,"minecraft:poppy":3,"minecraft:dirt":7,"minecraft:leather_boots":1},"minecraft:killed_by":{"minecraft:skeleton":1},"minecraft:used":{"minecraft:acacia_boat":2,"minecraft:stone_pickaxe":48,"minecraft:wooden_pickaxe":20,"minecraft:shield":9,"minecraft:stone_hoe":133,"minecraft:dirt":11,"minecraft:crafting_table":9,"minecraft:white_bed":2,"minecraft:dripstone_block":9,"minecraft:bread":5,"minecraft:iron_pickaxe":10,"minecraft:stone_axe":107,"minecraft:cobblestone":14,"minecraft:furnace":2,"minecraft:acacia_planks":7},"minecraft:custom":{"minecraft:interact_with_furnace":5,"minecraft:mob_kills":29,"minecraft:interact_with_crafting_table":10,"minecraft:leave_game":1,"minecraft:time_since_death":27382,"minecraft:sleep_in_bed":1,"minecraft:time_since_rest":27423,"minecraft:sprint_one_cm":72966,"minecraft:damage_taken":395,"minecraft:walk_one_cm":78589,"minecraft:damage_blocked_by_shield":311,"minecraft:drop":16,"minecraft:damage_dealt":5720,"minecraft:fly_one_cm":160689,"minecraft:open_chest":8,"minecraft:crouch_one_cm":9446,"minecraft:play_time":40742,"minecraft:deaths":1,"minecraft:sneak_time":3102,"minecraft:walk_under_water_one_cm":719,"minecraft:boat_one_cm":114677,"minecraft:jump":819,"minecraft:walk_on_water_one_cm":2654,"minecraft:total_world_time":40742,"minecraft:fall_one_cm":22261},"minecraft:killed":{"minecraft:pig":2,"minecraft:zombie_villager":1,"minecraft:iron_golem":2,"minecraft:creeper":1,"minecraft:skeleton":4,"minecraft:sheep":3,"minecraft:zombie":4,"minecraft:cow":11},"minecraft:mined":{"minecraft:acacia_leaves":1,"minecraft:white_bed":2,"minecraft:crafting_table":9,"minecraft:short_grass":21,"minecraft:acacia_log":10,"minecraft:grass_block":3,"minecraft:melon":22,"minecraft:tall_grass":2,"minecraft:cobblestone":10,"minecraft:sugar_cane":3,"minecraft:seagrass":1,"minecraft:hay_block":118,"minecraft:furnace":2,"minecraft:iron_ore":2,"minecraft:fire":5,"minecraft:gold_block":2,"minecraft:coal_ore":24,"minecraft:dirt":14,"minecraft:dripstone_block":2,"minecraft:acacia_planks":5,"minecraft:stone":35}},"DataVersion":3955}