{"stats":{"minecraft:custom":{"minecraft:time_since_rest":11529,"minecraft:crouch_one_cm":1542,"minecraft:sprint_one_cm":1111,"minecraft:play_time":11529,"minecraft:walk_one_cm":4736,"minecraft:sneak_time":654,"minecraft:jump":27,"minecraft:leave_game":2,"minecraft:time_since_death":11529,"minecraft:total_world_time":11529,"minecraft:interact_with_crafting_table":4,"minecraft:fall_one_cm":418,"minecraft:fly_one_cm":2768},"minecraft:picked_up":{"minecraft:crafting_table":1,"minecraft:acacia_log":10,"minecraft:coal":5,"minecraft:acacia_sapling":3,"minecraft:dirt":6,"minecraft:cobblestone":7},"minecraft:crafted":{"minecraft:acacia_planks":40,"minecraft:stone_axe":1,"minecraft:crafting_table":1,"minecraft:stick":8,"minecraft:stone_pickaxe":1,"minecraft:wooden_pickaxe":1},"minecraft:used":{"minecraft:stone_axe":1,"minecraft:dirt":6,"minecraft:crafting_table":1,"minecraft:stone_pickaxe":9,"minecraft:wooden_pickaxe":3},"minecraft:mined":{"minecraft:acacia_log":10,"minecraft:grass_block":1,"minecraft:coal_ore":5,"minecraft:acacia_leaves":2,"minecraft:dirt":5,"minecraft:stone":7,"minecraft:crafting_table":1}},"DataVersion":3955}