{"stats":{"minecraft:custom":{"minecraft:jump":10,"minecraft:time_since_rest":5899,"minecraft:crouch_one_cm":483,"minecraft:sprint_one_cm":821,"minecraft:play_time":5899,"minecraft:time_since_death":5899,"minecraft:walk_one_cm":2207,"minecraft:sneak_time":355,"minecraft:total_world_time":5899,"minecraft:fly_one_cm":631},"minecraft:picked_up":{"minecraft:acacia_log":10,"minecraft:dirt":3},"minecraft:used":{"minecraft:dirt":1},"minecraft:mined":{"minecraft:acacia_log":10,"minecraft:acacia_leaves":2,"minecraft:dirt":3}},"DataVersion":3955}